{"USD":{"name":"US Dollar","fractionSize":2,"symbol":{"grapheme":"$","template":"$1","rtl":false},"uniqSymbol":{"grapheme":"$","template":"$1","rtl":false}},"AUD":{"name":"Australian Dollar","fractionSize":2,"symbol":{"grapheme":"$","template":"$1","rtl":false},"uniqSymbol":{"grapheme":"A$","template":"$1","rtl":false}},"BGN":{"name":"Bulgarian Lev","fractionSize":2,"symbol":{"grapheme":"лв","template":"$1","rtl":false},"uniqSymbol":{"grapheme":"лв","template":"$1","rtl":false}},"BRL":{"name":"Brazilian Real","fractionSize":2,"symbol":{"grapheme":"R$","template":"$1","rtl":false},"uniqSymbol":{"grapheme":"R$","template":"$1","rtl":false}},"CAD":{"name":"Canadian Dollar","fractionSize":2,"symbol":{"grapheme":"$","template":"$1","rtl":false},"uniqSymbol":{"grapheme":"CA$","template":"$1","rtl":false}},"CHF":{"name":"Swiss Franc","fractionSize":2,"symbol":null,"uniqSymbol":null},"CNY":{"name":"Yuan Renminbi","fractionSize":2,"symbol":{"grapheme":"元","template":"1 $","rtl":false},"uniqSymbol":{"grapheme":"元","template":"1 $","rtl":false}},"CZK":{"name":"Czech Koruna","fractionSize":2,"symbol":{"grapheme":"Kč","template":"1 $","rtl":false},"uniqSymbol":{"grapheme":"Kč","template":"1 $","rtl":false}},"DKK":{"name":"Danish Krone","fractionSize":2,"symbol":{"grapheme":"kr","template":"1 $","rtl":false},"uniqSymbol":null},"EUR":{"name":"Euro","fractionSize":2,"symbol":{"grapheme":"€","template":"$1","rtl":false},"uniqSymbol":{"grapheme":"€","template":"$1","rtl":false}},"GBP":{"name":"Pound Sterling","fractionSize":2,"symbol":{"grapheme":"£","template":"$1","rtl":false},"uniqSymbol":{"grapheme":"£","template":"$1","rtl":false}},"HKD":{"name":"Hong Kong Dollar","fractionSize":2,"symbol":{"grapheme":"$","template":"$1","rtl":false},"uniqSymbol":{"grapheme":"HK$","template":"$1","rtl":false}},"HRK":{"name":"Croatian Kuna","fractionSize":2,"symbol":{"grapheme":"kn","template":"$1","rtl":false},"uniqSymbol":{"grapheme":"kn","template":"$1","rtl":false}},"HUF":{"name":"Forint","fractionSize":0,"symbol":{"grapheme":"Ft","template":"$1","rtl":false},"uniqSymbol":{"grapheme":"Ft","template":"$1","rtl":false}},"IDR":{"name":"Rupiah","fractionSize":2,"symbol":{"grapheme":"Rp","template":"$1","rtl":false},"uniqSymbol":{"grapheme":"Rp","template":"$1","rtl":false}},"ILS":{"name":"New Israeli Sheqel","fractionSize":2,"symbol":{"grapheme":"₪","template":"$1","rtl":false},"uniqSymbol":{"grapheme":"₪","template":"$1","rtl":false}},"INR":{"name":"Indian Rupee","fractionSize":2,"symbol":{"grapheme":"₹","template":"$1","rtl":false},"uniqSymbol":{"grapheme":"₹","template":"$1","rtl":false}},"ISK":{"name":"Iceland Krona","fractionSize":2,"symbol":{"grapheme":"kr","template":"$1","rtl":false},"uniqSymbol":null},"JPY":{"name":"Yen","fractionSize":0,"symbol":{"grapheme":"¥","template":"$1","rtl":false},"uniqSymbol":{"grapheme":"¥","template":"$1","rtl":false}},"KRW":{"name":"Won","fractionSize":0,"symbol":{"grapheme":"₩","template":"$1","rtl":false},"uniqSymbol":{"grapheme":"₩","template":"$1","rtl":false}},"MXN":{"name":"Mexican Peso","fractionSize":2,"symbol":{"grapheme":"$","template":"$1","rtl":false},"uniqSymbol":null},"MYR":{"name":"Malaysian Ringgit","fractionSize":2,"symbol":{"grapheme":"RM","template":"$1","rtl":false},"uniqSymbol":{"grapheme":"RM","template":"$1","rtl":false}},"NOK":{"name":"Norwegian Krone","fractionSize":2,"symbol":{"grapheme":"kr","template":"1 $","rtl":false},"uniqSymbol":null},"NZD":{"name":"New Zealand Dollar","fractionSize":2,"symbol":{"grapheme":"$","template":"$1","rtl":false},"uniqSymbol":{"grapheme":"NZ$","template":"$1","rtl":false}},"PHP":{"name":"Philippine Peso","fractionSize":2,"symbol":{"grapheme":"₱","template":"$1","rtl":false},"uniqSymbol":{"grapheme":"₱","template":"$1","rtl":false}},"PLN":{"name":"Zloty","fractionSize":2,"symbol":{"grapheme":"zł","template":"1 $","rtl":false},"uniqSymbol":{"grapheme":"zł","template":"1 $","rtl":false}},"RON":{"name":"New Romanian Leu","fractionSize":2,"symbol":{"grapheme":"lei","template":"$1","rtl":false},"uniqSymbol":{"grapheme":"lei","template":"$1","rtl":false}},"RUB":{"name":"Russian Ruble","fractionSize":2,"symbol":{"grapheme":"₽","template":"1 $","rtl":false},"uniqSymbol":{"grapheme":"₽","template":"1 $","rtl":false}},"SEK":{"name":"Swedish Krona","fractionSize":2,"symbol":{"grapheme":"kr","template":"1 $","rtl":false},"uniqSymbol":null},"SGD":{"name":"Singapore Dollar","fractionSize":2,"symbol":{"grapheme":"$","template":"$1","rtl":false},"uniqSymbol":{"grapheme":"S$","template":"$1","rtl":false}},"THB":{"name":"Baht","fractionSize":2,"symbol":{"grapheme":"฿","template":"$1","rtl":false},"uniqSymbol":{"grapheme":"฿","template":"$1","rtl":false}},"TRY":{"name":"Turkish Lira","fractionSize":2,"symbol":{"grapheme":"₺","template":"$1","rtl":false},"uniqSymbol":{"grapheme":"₺","template":"$1","rtl":false}},"ZAR":{"name":"Rand","fractionSize":2,"symbol":{"grapheme":"R","template":"$1","rtl":false},"uniqSymbol":{"grapheme":"R","template":"$1","rtl":false}}}